ilavielle0,iIcTTUGLyF,calastair0@reference.com,al
jbullion1,9u5nNUizNHQ5,avarfolomeev1@comsenz.com,al
kzupa2,ZsCL1SwrCw,chayley2@usgs.gov,al
atarborn3,pCXo2KIMM,adunrige3@wikia.com,al
ubenedito4,6NX4Hg9,ddudhill4@netlog.com,al
krowantree5,W7lBTL,mosbourne5@tinyurl.com,al
gfellon6,0ssNlyfCm7PS,rblackstone6@disqus.com,al
vdefew7,vQj5N2IFQOe6,gbaise7@miibeian.gov.cn,al
clorenc8,djvaS4gRNS,kscurfield8@admin.ch,al
rbygreaves9,A97QlvMR7,aceschi9@cam.ac.uk,prof
bwoolnera,bGjysE5X,jwimburya@rambler.ru,al
lhablotb,2cL46Cp,glotwichb@sakura.ne.jp,al
kmethleyc,Zdir3qjVj,tollerhadc@rambler.ru,al
tledramd,IaD4lD,scrosherd@rambler.ru,prof
pdickensone,Zui6NM,cameerbege@mapquest.com,al
ktuxwellf,ZFShwTz0,kwestbergf@economist.com,al
tbazocheg,ltvo70bUj1,mmacritchieg@washington.edu,al
gcampanelleh,LUKYLOQa,pknockerh@jimdo.com,al
mdelacostei,5o6jJYaci8G,cronischi@mediafire.com,al
mdondonj,zjXfRYDi,rdrummondj@delicious.com,al
dcluek,oFcjb4sbRN3,btrustiek@examiner.com,al
fdrinkell,5TMU8Ko,selisl@indiatimes.com,al
htreherm,D17yk4jyR,mbonusm@fastcompany.com,al
erosettinin,0Q9UtrOs5,hcheekn@51.la,al
adalzielo,4Gb21e1O,kinkpeno@jugem.jp,al
jklasingp,ZgSLAFohxykc,wtibbottsp@amazonaws.com,al
vcuckooq,OUMIBn,gsuttleq@odnoklassniki.ru,al
mpinsonr,Q5g91LDnsl,otempestr@msn.com,al
vmendoncas,PDT6s9hYzP,mboaths@mapquest.com,al
rlackeyet,IMioLHcJ,tdannelt@statcounter.com,al
kwitchellu,pg6n4d,hduddingu@illinois.edu,prof
mjuddv,Kz2N9O,pjanseyv@people.com.cn,al
ytinniswoodw,5UclyzlA2U,ksainerw@hhs.gov,al
slantx,b0x9IgtUnKl,adearnleyx@dedecms.com,al
bcrookshanky,qyRtGt0hgjjw,sgerauldy@addtoany.com,al
mstaintonz,yWLrWky8rL,eblackbornz@domainmarket.com,al
mkeenan10,2dWfmYLH,sduck10@europa.eu,al
smatisoff11,XX739V4LL8e,bcowperthwaite11@nps.gov,al
cchalice12,lU7jjNy263,ecapaldo12@godaddy.com,al
aparsons13,ndFqqZephozs,vsexty13@un.org,al
mtwinbrow14,qhgzqLwjc,gsheasby14@techcrunch.com,al
blarenson15,zPq0Ws0o4qa,chamelyn15@marketwatch.com,al
chasluck16,EVhh17gr,basser16@walmart.com,al
ssouthard17,EXgSOHxDYUW,aarnett17@artisteer.com,al
evictory18,11KyKlIjhSnA,omerrifield18@privacy.gov.au,al
rbadwick19,TOGw6wW,vpuleque19@irs.gov,al
jshephard1a,XUQUTQh4y7H,keades1a@nsw.gov.au,al
hdepinna1b,bshMuZmcE,rkem1b@hostgator.com,prof
mhinchcliffe1c,pYat99hOg,sfrancie1c@unicef.org,prof
aseedman1d,F3qcAPjbzrK,mpallent1d@goodreads.com,al
eoheaney1e,PMaFmLL,hgrellier1e@icq.com,al
mruppelin1f,qibpQi3qQKaw,ibarrs1f@hc360.com,al
pashtonhurst1g,wWal9Bi,spolley1g@yellowbook.com,al
cbullard1h,tzMdM4KU0,bpirson1h@instagram.com,al
tgipp1i,aLqdZeY2FtqM,lwakeham1i@census.gov,prof
hivoshin1j,7hAfvULJ,sibeson1j@trellian.com,al
dfrift1k,zmZ0DnI0i3RX,bgentsch1k@ustream.tv,al
dbrumfield1l,pnSsVXlz6R,apalmar1l@fda.gov,al
mboddymead1m,oiOSNBRlin8,lcrean1m@acquirethisname.com,al
rchesser1n,l7mAbL0gz95,lbockman1n@behance.net,al
crounding1o,O3oJAvNMcCZ,paveries1o@scribd.com,al
dcushworth1p,3ZNGTwiJ5m5z,kdenziloe1p@so-net.ne.jp,al
jpacht1q,79eHl1lS9fk,ggarms1q@home.pl,al
icogzell1r,NBESIKtau,ipeers1r@cnbc.com,al
lbohlsen1s,Jns6aNiN,bgoodright1s@addtoany.com,al
jandress1t,cTaDUMM9,ahaacker1t@hud.gov,al
wgissop1u,4ccHhPJ,vflood1u@freewebs.com,al
sscutter1v,nsJfj7uDrPZ,dvinnicombe1v@about.com,al
ycurrier1w,vKqudLATG,hphettiplace1w@buzzfeed.com,al
clovelady1x,zLuu4XHUl,rlydall1x@behance.net,al
iweins1y,KqE4nqpXZ,nfenelow1y@prlog.org,al
mspencook1z,WY7dC8eouaF,mmckmurrie1z@geocities.jp,prof
cshrimplin20,BpD57ga,mcleal20@cbslocal.com,prof
rohengerty21,cB7SDqPoN,mmellhuish21@soup.io,al
klomond22,Tol9t6nzdf5L,cpaske22@umich.edu,al
rgavin23,eebtDYoFbD,cfeatherby23@altervista.org,al
kvedyasov24,BwLI0q,mtiller24@accuweather.com,al
sbramah25,39QMM9HS52E,skyle25@google.it,al
dreichhardt26,Cm3INkeh,cduhamel26@salon.com,al
rklulik27,ZiyqAFIxMV9T,hschofield27@infoseek.co.jp,al
ecosyns28,9mC2sHDT2ZQ,rcarnilian28@state.tx.us,al
abento29,NXTleAS,dfaraker29@themeforest.net,al
icampion2a,uaQE1yG8,thubert2a@usda.gov,prof
dgiacobazzi2b,an5TisuSZNPk,cbaumert2b@hao123.com,al
kantonowicz2c,jWl2XPGLr,csautter2c@sourceforge.net,al
fwivell2d,SYELuTbHou,bedmans2d@free.fr,al
mshermore2e,kuWWgJkkA4h0,mmarlowe2e@acquirethisname.com,al
llynett2f,xKLsS0bE,jmara2f@nytimes.com,prof
cdeaves2g,ygwpDOa,jgeorgeot2g@soundcloud.com,prof
pzanussii2h,bOzG9bN2bEIY,llethem2h@narod.ru,al
gmilmith2i,GxPZRPDaZpGq,sbedell2i@youtube.com,al
bbalk2j,oi7m8R6Pu4Yh,jfuller2j@usnews.com,al
jcorah2k,AUsdmWcviYaQ,ginsworth2k@hibu.com,al
mdelepine2l,8vR2FO1MFNQg,pblaylock2l@ebay.co.uk,al
tkassel2m,V0lE0D,ustoddard2m@e-recht24.de,al
khaggie2n,K9hGmn6HMx,callott2n@example.com,al
wpendre2o,sXCD7lE3,obatchelder2o@mediafire.com,al
charcarse2p,XnyjOZ,omullane2p@prlog.org,prof
hsmail2q,zhAcguFZ,dsheards2q@slideshare.net,al
asuggett2r,vFC1eG27IW,jjansie2r@tripadvisor.com,prof
arthursl123,1234,arthur@arthur.com,adm
